latitude,longitude,speed,temperature,image,light_level
-58.403936,-38.588171,70,72,s3://gantry-demo-data/distracted-driving-detection/dark/c0/dark_img_100026.jpg,0
-48.7115075,-38.89328,61,49,s3://gantry-demo-data/distracted-driving-detection/dark/c0/dark_img_12203.jpg,0
-21.327809,-92.419787,54,58,s3://gantry-demo-data/distracted-driving-detection/dark/c0/dark_img_1367.jpg,1
-29.668669,-143.166608,9,46,s3://gantry-demo-data/distracted-driving-detection/dark/c0/dark_img_15760.jpg,2
37.6336075,-133.651372,66,67,s3://gantry-demo-data/distracted-driving-detection/dark/c0/dark_img_18393.jpg,1
55.5779905,149.106288,59,44,s3://gantry-demo-data/distracted-driving-detection/dark/c0/dark_img_19386.jpg,2
9.5436635,27.16919,77,57,s3://gantry-demo-data/distracted-driving-detection/dark/c0/dark_img_2334.jpg,2
74.1498885,-98.756337,63,56,s3://gantry-demo-data/distracted-driving-detection/dark/c0/dark_img_24204.jpg,1
35.690354,160.37179,20,76,s3://gantry-demo-data/distracted-driving-detection/dark/c0/dark_img_27414.jpg,0
-31.0420955,-115.591639,59,50,s3://gantry-demo-data/distracted-driving-detection/dark/c0/dark_img_31424.jpg,2
8.221794,143.54125,27,72,s3://gantry-demo-data/distracted-driving-detection/dark/c0/dark_img_34878.jpg,0
-8.8364845,-159.660939,54,43,s3://gantry-demo-data/distracted-driving-detection/dark/c0/dark_img_38288.jpg,2
49.92187,-0.762643,8,58,s3://gantry-demo-data/distracted-driving-detection/dark/c0/dark_img_41646.jpg,1
9.312018,173.362958,0,48,s3://gantry-demo-data/distracted-driving-detection/dark/c0/dark_img_45290.jpg,2
-6.102166,63.602387,16,73,s3://gantry-demo-data/distracted-driving-detection/dark/c0/dark_img_4896.jpg,2
-13.704077,-92.367759,45,67,s3://gantry-demo-data/distracted-driving-detection/dark/c0/dark_img_52776.jpg,2
78.485298,68.513643,53,69,s3://gantry-demo-data/distracted-driving-detection/dark/c0/dark_img_56251.jpg,1
39.2418925,32.869571,45,48,s3://gantry-demo-data/distracted-driving-detection/dark/c0/dark_img_59737.jpg,0
24.223236,-173.146284,24,71,s3://gantry-demo-data/distracted-driving-detection/dark/c0/dark_img_63493.jpg,0
41.631154,-119.80658,2,70,s3://gantry-demo-data/distracted-driving-detection/dark/c0/dark_img_67110.jpg,2
-71.2693215,12.232636,5,45,s3://gantry-demo-data/distracted-driving-detection/dark/c0/dark_img_70820.jpg,1
85.8459515,79.651965,46,67,s3://gantry-demo-data/distracted-driving-detection/dark/c0/dark_img_74456.jpg,0
-24.7440405,-155.005964,42,76,s3://gantry-demo-data/distracted-driving-detection/dark/c0/dark_img_78509.jpg,1
47.027914,-110.187148,45,78,s3://gantry-demo-data/distracted-driving-detection/dark/c0/dark_img_81396.jpg,0
84.284444,-28.917046,21,54,s3://gantry-demo-data/distracted-driving-detection/dark/c0/dark_img_85416.jpg,1
-39.14018,-49.208212,69,46,s3://gantry-demo-data/distracted-driving-detection/dark/c0/dark_img_89173.jpg,1
-37.678778,-9.10983,76,48,s3://gantry-demo-data/distracted-driving-detection/dark/c0/dark_img_93094.jpg,0
72.2733665,-87.461855,17,79,s3://gantry-demo-data/distracted-driving-detection/dark/c0/dark_img_96670.jpg,1
71.101905,-57.065074,33,71,s3://gantry-demo-data/distracted-driving-detection/dark/c1/dark_img_100021.jpg,0
56.016816,105.815356,22,49,s3://gantry-demo-data/distracted-driving-detection/dark/c1/dark_img_12140.jpg,0
-52.164616,61.254466,50,60,s3://gantry-demo-data/distracted-driving-detection/dark/c1/dark_img_16371.jpg,1
-11.238662,60.202804,59,44,s3://gantry-demo-data/distracted-driving-detection/dark/c1/dark_img_20308.jpg,2
-55.3139315,22.896391,31,44,s3://gantry-demo-data/distracted-driving-detection/dark/c1/dark_img_24774.jpg,1
37.9485805,-128.890101,0,58,s3://gantry-demo-data/distracted-driving-detection/dark/c1/dark_img_28929.jpg,2
58.8268975,-53.509797,47,61,s3://gantry-demo-data/distracted-driving-detection/dark/c1/dark_img_32621.jpg,2
-73.9884885,54.755944,74,50,s3://gantry-demo-data/distracted-driving-detection/dark/c1/dark_img_36758.jpg,0
-42.735893,55.623713,14,56,s3://gantry-demo-data/distracted-driving-detection/dark/c1/dark_img_41262.jpg,0
-56.1934285,-42.92741,49,46,s3://gantry-demo-data/distracted-driving-detection/dark/c1/dark_img_45420.jpg,2
-4.956078,25.405518,46,63,s3://gantry-demo-data/distracted-driving-detection/dark/c1/dark_img_49639.jpg,1
88.6999295,66.841793,74,48,s3://gantry-demo-data/distracted-driving-detection/dark/c1/dark_img_53880.jpg,2
40.245069,-107.819409,63,42,s3://gantry-demo-data/distracted-driving-detection/dark/c1/dark_img_58169.jpg,0
-7.063401,-49.633856,46,50,s3://gantry-demo-data/distracted-driving-detection/dark/c1/dark_img_62194.jpg,0
-82.516388,45.835984,65,54,s3://gantry-demo-data/distracted-driving-detection/dark/c1/dark_img_65051.jpg,1
9.6044365,26.208916,62,64,s3://gantry-demo-data/distracted-driving-detection/dark/c1/dark_img_69211.jpg,0
-64.327102,-59.914094,25,43,s3://gantry-demo-data/distracted-driving-detection/dark/c1/dark_img_73338.jpg,0
80.0974735,-150.757441,15,69,s3://gantry-demo-data/distracted-driving-detection/dark/c1/dark_img_77183.jpg,0
86.923753,-56.138739,50,76,s3://gantry-demo-data/distracted-driving-detection/dark/c1/dark_img_81067.jpg,2
-88.6163375,-25.339584,27,72,s3://gantry-demo-data/distracted-driving-detection/dark/c1/dark_img_85262.jpg,2
-69.7401535,165.731824,2,75,s3://gantry-demo-data/distracted-driving-detection/dark/c1/dark_img_89030.jpg,2
71.6716815,-120.514087,38,55,s3://gantry-demo-data/distracted-driving-detection/dark/c1/dark_img_93498.jpg,0
55.894425,-143.195583,22,70,s3://gantry-demo-data/distracted-driving-detection/dark/c1/dark_img_9733.jpg,0
-13.530682,172.088616,65,64,s3://gantry-demo-data/distracted-driving-detection/dark/c2/dark_img_100029.jpg,0
-60.539612,167.130105,15,78,s3://gantry-demo-data/distracted-driving-detection/dark/c2/dark_img_12612.jpg,0
-80.6434,56.226616,35,40,s3://gantry-demo-data/distracted-driving-detection/dark/c2/dark_img_16161.jpg,0
-25.811301,-155.857929,1,78,s3://gantry-demo-data/distracted-driving-detection/dark/c2/dark_img_20028.jpg,2
27.436931,-37.492042,42,40,s3://gantry-demo-data/distracted-driving-detection/dark/c2/dark_img_23792.jpg,0
79.6348975,97.586769,5,69,s3://gantry-demo-data/distracted-driving-detection/dark/c2/dark_img_27895.jpg,2
-58.5407605,33.360319,47,62,s3://gantry-demo-data/distracted-driving-detection/dark/c2/dark_img_31569.jpg,0
6.633753,-66.729818,48,43,s3://gantry-demo-data/distracted-driving-detection/dark/c2/dark_img_35096.jpg,2
-28.708432,42.454631,66,43,s3://gantry-demo-data/distracted-driving-detection/dark/c2/dark_img_38429.jpg,1
-55.52106,-6.616229,10,67,s3://gantry-demo-data/distracted-driving-detection/dark/c2/dark_img_42555.jpg,0
-88.963252,-76.774367,12,73,s3://gantry-demo-data/distracted-driving-detection/dark/c2/dark_img_46438.jpg,1
-75.0905205,-170.476047,43,76,s3://gantry-demo-data/distracted-driving-detection/dark/c2/dark_img_5018.jpg,1
-30.461248,102.801967,22,68,s3://gantry-demo-data/distracted-driving-detection/dark/c2/dark_img_54034.jpg,0
10.033627,42.656935,65,68,s3://gantry-demo-data/distracted-driving-detection/dark/c2/dark_img_57981.jpg,2
-68.2404905,-91.778702,39,74,s3://gantry-demo-data/distracted-driving-detection/dark/c2/dark_img_61637.jpg,2
36.802988,-67.972181,69,58,s3://gantry-demo-data/distracted-driving-detection/dark/c2/dark_img_65803.jpg,0
14.6232655,-163.512528,10,69,s3://gantry-demo-data/distracted-driving-detection/dark/c2/dark_img_69752.jpg,2
13.9391725,-159.100282,7,64,s3://gantry-demo-data/distracted-driving-detection/dark/c2/dark_img_74001.jpg,1
-78.5065615,161.44729,51,57,s3://gantry-demo-data/distracted-driving-detection/dark/c2/dark_img_78324.jpg,2
54.6084255,92.261717,57,41,s3://gantry-demo-data/distracted-driving-detection/dark/c2/dark_img_82560.jpg,2
-85.972216,90.709308,38,75,s3://gantry-demo-data/distracted-driving-detection/dark/c2/dark_img_86796.jpg,1
-61.4548185,-146.108339,2,59,s3://gantry-demo-data/distracted-driving-detection/dark/c2/dark_img_90732.jpg,2
-1.2389225,-108.282013,36,75,s3://gantry-demo-data/distracted-driving-detection/dark/c2/dark_img_94456.jpg,2
-6.1375365,129.625078,77,42,s3://gantry-demo-data/distracted-driving-detection/dark/c2/dark_img_99377.jpg,1
-34.977784,164.37592,37,79,s3://gantry-demo-data/distracted-driving-detection/dark/c3/dark_img_100006.jpg,0
75.5604685,174.219197,62,71,s3://gantry-demo-data/distracted-driving-detection/dark/c3/dark_img_11803.jpg,0
-71.128446,-122.156284,18,53,s3://gantry-demo-data/distracted-driving-detection/dark/c3/dark_img_15132.jpg,2
-6.951293,2.076784,74,79,s3://gantry-demo-data/distracted-driving-detection/dark/c3/dark_img_19028.jpg,1
-40.2950385,144.446118,59,51,s3://gantry-demo-data/distracted-driving-detection/dark/c3/dark_img_22968.jpg,1
-53.738158,87.629555,71,58,s3://gantry-demo-data/distracted-driving-detection/dark/c3/dark_img_26873.jpg,1
62.857744,-40.387486,64,42,s3://gantry-demo-data/distracted-driving-detection/dark/c3/dark_img_30791.jpg,2
64.441074,-125.588394,69,44,s3://gantry-demo-data/distracted-driving-detection/dark/c3/dark_img_34851.jpg,0
-59.785559,89.306719,36,53,s3://gantry-demo-data/distracted-driving-detection/dark/c3/dark_img_38735.jpg,2
-61.85818,10.800335,73,44,s3://gantry-demo-data/distracted-driving-detection/dark/c3/dark_img_41900.jpg,2
-37.036872,-88.201859,54,48,s3://gantry-demo-data/distracted-driving-detection/dark/c3/dark_img_45368.jpg,1
55.8055145,-113.004513,68,79,s3://gantry-demo-data/distracted-driving-detection/dark/c3/dark_img_49343.jpg,0
30.574618,-20.861195,10,57,s3://gantry-demo-data/distracted-driving-detection/dark/c3/dark_img_537.jpg,0
-58.3858675,54.8157,49,68,s3://gantry-demo-data/distracted-driving-detection/dark/c3/dark_img_57880.jpg,2
-71.183506,-30.649925,2,63,s3://gantry-demo-data/distracted-driving-detection/dark/c3/dark_img_616.jpg,0
82.9964165,22.910551,45,71,s3://gantry-demo-data/distracted-driving-detection/dark/c3/dark_img_65535.jpg,2
78.799362,152.25923,62,61,s3://gantry-demo-data/distracted-driving-detection/dark/c3/dark_img_69889.jpg,1
-19.0405125,-132.718238,62,58,s3://gantry-demo-data/distracted-driving-detection/dark/c3/dark_img_73194.jpg,0
-3.7118295,-59.642802,10,47,s3://gantry-demo-data/distracted-driving-detection/dark/c3/dark_img_77335.jpg,2
26.758603,-71.896061,60,40,s3://gantry-demo-data/distracted-driving-detection/dark/c3/dark_img_81826.jpg,1
11.34718,-16.60699,75,69,s3://gantry-demo-data/distracted-driving-detection/dark/c3/dark_img_86057.jpg,0
1.4096575,68.041602,20,55,s3://gantry-demo-data/distracted-driving-detection/dark/c3/dark_img_89903.jpg,1
39.7657045,26.691764,46,58,s3://gantry-demo-data/distracted-driving-detection/dark/c3/dark_img_94232.jpg,0
21.2834865,-139.003683,2,59,s3://gantry-demo-data/distracted-driving-detection/dark/c3/dark_img_98066.jpg,0
-8.737793,128.161468,15,78,s3://gantry-demo-data/distracted-driving-detection/dark/c4/dark_img_100225.jpg,2
-24.514704,-69.818931,65,75,s3://gantry-demo-data/distracted-driving-detection/dark/c4/dark_img_12719.jpg,2
20.9130985,29.839018,24,77,s3://gantry-demo-data/distracted-driving-detection/dark/c4/dark_img_17058.jpg,2
-84.6031455,136.773641,19,75,s3://gantry-demo-data/distracted-driving-detection/dark/c4/dark_img_20898.jpg,1
-20.621185,-84.929462,5,70,s3://gantry-demo-data/distracted-driving-detection/dark/c4/dark_img_25274.jpg,2
-16.1102245,-92.542236,30,58,s3://gantry-demo-data/distracted-driving-detection/dark/c4/dark_img_29050.jpg,2
26.8209965,-152.088567,69,63,s3://gantry-demo-data/distracted-driving-detection/dark/c4/dark_img_32112.jpg,0
39.882829,-104.657788,8,44,s3://gantry-demo-data/distracted-driving-detection/dark/c4/dark_img_35848.jpg,1
-12.807297,-168.439562,55,59,s3://gantry-demo-data/distracted-driving-detection/dark/c4/dark_img_39685.jpg,1
-31.737015,-105.172866,7,68,s3://gantry-demo-data/distracted-driving-detection/dark/c4/dark_img_43363.jpg,1
-40.7123565,33.139379,56,77,s3://gantry-demo-data/distracted-driving-detection/dark/c4/dark_img_47383.jpg,1
22.8644105,2.536764,1,75,s3://gantry-demo-data/distracted-driving-detection/dark/c4/dark_img_51711.jpg,1
49.5083155,160.005699,68,67,s3://gantry-demo-data/distracted-driving-detection/dark/c4/dark_img_5565.jpg,1
73.075901,-143.757885,52,77,s3://gantry-demo-data/distracted-driving-detection/dark/c4/dark_img_59172.jpg,2
-33.1284875,151.14339,8,67,s3://gantry-demo-data/distracted-driving-detection/dark/c4/dark_img_62882.jpg,0
-38.003205,89.33749,52,56,s3://gantry-demo-data/distracted-driving-detection/dark/c4/dark_img_67543.jpg,1
-32.906156,-173.102118,48,56,s3://gantry-demo-data/distracted-driving-detection/dark/c4/dark_img_71390.jpg,2
63.1029905,126.804715,61,53,s3://gantry-demo-data/distracted-driving-detection/dark/c4/dark_img_74971.jpg,0
71.0538045,152.506957,55,47,s3://gantry-demo-data/distracted-driving-detection/dark/c4/dark_img_78917.jpg,0
73.8762905,134.581097,32,75,s3://gantry-demo-data/distracted-driving-detection/dark/c4/dark_img_82806.jpg,1
73.6565045,65.546225,56,49,s3://gantry-demo-data/distracted-driving-detection/dark/c4/dark_img_87038.jpg,0
68.1352025,-12.278777,60,64,s3://gantry-demo-data/distracted-driving-detection/dark/c4/dark_img_91285.jpg,2
-85.931048,-153.807699,42,60,s3://gantry-demo-data/distracted-driving-detection/dark/c4/dark_img_95329.jpg,1
42.0259825,-93.634534,34,51,s3://gantry-demo-data/distracted-driving-detection/dark/c4/dark_img_99317.jpg,2
32.064941,1.034314,61,63,s3://gantry-demo-data/distracted-driving-detection/dark/c5/dark_img_10000.jpg,2
-37.1300065,146.024612,15,68,s3://gantry-demo-data/distracted-driving-detection/dark/c5/dark_img_12126.jpg,2
68.6954315,-78.150109,3,49,s3://gantry-demo-data/distracted-driving-detection/dark/c5/dark_img_15947.jpg,2
-85.841769,88.061853,75,52,s3://gantry-demo-data/distracted-driving-detection/dark/c5/dark_img_20139.jpg,2
59.069494,121.182143,47,55,s3://gantry-demo-data/distracted-driving-detection/dark/c5/dark_img_23969.jpg,0
-68.3568045,24.898843,39,76,s3://gantry-demo-data/distracted-driving-detection/dark/c5/dark_img_27794.jpg,2
17.710317,-6.144965,22,58,s3://gantry-demo-data/distracted-driving-detection/dark/c5/dark_img_32490.jpg,0
74.636545,22.804556,78,45,s3://gantry-demo-data/distracted-driving-detection/dark/c5/dark_img_35582.jpg,0
-75.707075,-179.740669,38,60,s3://gantry-demo-data/distracted-driving-detection/dark/c5/dark_img_39448.jpg,1
13.8588945,127.391568,25,56,s3://gantry-demo-data/distracted-driving-detection/dark/c5/dark_img_43618.jpg,2
-78.746775,30.142371,4,71,s3://gantry-demo-data/distracted-driving-detection/dark/c5/dark_img_47275.jpg,1
-51.431576,-140.564002,79,57,s3://gantry-demo-data/distracted-driving-detection/dark/c5/dark_img_51344.jpg,1
83.177706,-143.176063,6,57,s3://gantry-demo-data/distracted-driving-detection/dark/c5/dark_img_55503.jpg,1
-69.349093,-145.172419,37,43,s3://gantry-demo-data/distracted-driving-detection/dark/c5/dark_img_59195.jpg,1
-47.3112455,-18.182525,46,56,s3://gantry-demo-data/distracted-driving-detection/dark/c5/dark_img_6397.jpg,0
-49.547109,-77.953527,12,58,s3://gantry-demo-data/distracted-driving-detection/dark/c5/dark_img_67377.jpg,2
25.121192,168.268188,25,52,s3://gantry-demo-data/distracted-driving-detection/dark/c5/dark_img_71391.jpg,0
-19.404645,155.577388,25,73,s3://gantry-demo-data/distracted-driving-detection/dark/c5/dark_img_75147.jpg,0
74.4647475,-103.034632,30,75,s3://gantry-demo-data/distracted-driving-detection/dark/c5/dark_img_79090.jpg,0
-7.38061,-124.608555,13,40,s3://gantry-demo-data/distracted-driving-detection/dark/c5/dark_img_83651.jpg,0
57.2184405,-66.074425,9,61,s3://gantry-demo-data/distracted-driving-detection/dark/c5/dark_img_87691.jpg,0
31.1614495,-40.288547,17,77,s3://gantry-demo-data/distracted-driving-detection/dark/c5/dark_img_91255.jpg,2
24.176698,-64.614476,33,69,s3://gantry-demo-data/distracted-driving-detection/dark/c5/dark_img_95487.jpg,2
-73.860674,123.147515,30,40,s3://gantry-demo-data/distracted-driving-detection/dark/c5/dark_img_99558.jpg,1
9.2633565,5.397877,77,76,s3://gantry-demo-data/distracted-driving-detection/dark/c6/dark_img_0.jpg,0
-20.9770915,-38.326964,0,70,s3://gantry-demo-data/distracted-driving-detection/dark/c6/dark_img_11388.jpg,1
51.629555,-35.990874,61,78,s3://gantry-demo-data/distracted-driving-detection/dark/c6/dark_img_15223.jpg,2
28.7177715,94.950637,71,45,s3://gantry-demo-data/distracted-driving-detection/dark/c6/dark_img_19619.jpg,0
24.697457,-66.824059,75,41,s3://gantry-demo-data/distracted-driving-detection/dark/c6/dark_img_23145.jpg,2
-26.666098,-134.532749,24,73,s3://gantry-demo-data/distracted-driving-detection/dark/c6/dark_img_26674.jpg,2
23.650807,125.429207,74,49,s3://gantry-demo-data/distracted-driving-detection/dark/c6/dark_img_30299.jpg,0
8.3869825,-52.970639,26,66,s3://gantry-demo-data/distracted-driving-detection/dark/c6/dark_img_3488.jpg,2
68.839298,-16.365417,24,56,s3://gantry-demo-data/distracted-driving-detection/dark/c6/dark_img_39154.jpg,2
5.3155745,-14.060802,65,51,s3://gantry-demo-data/distracted-driving-detection/dark/c6/dark_img_4295.jpg,2
80.6817405,-27.445924,31,55,s3://gantry-demo-data/distracted-driving-detection/dark/c6/dark_img_47226.jpg,1
-19.9989,171.482428,42,69,s3://gantry-demo-data/distracted-driving-detection/dark/c6/dark_img_51107.jpg,0
25.4090865,-86.221748,56,59,s3://gantry-demo-data/distracted-driving-detection/dark/c6/dark_img_55339.jpg,1
14.12542,-64.440989,76,50,s3://gantry-demo-data/distracted-driving-detection/dark/c6/dark_img_59650.jpg,1
-86.8004265,-19.583243,10,74,s3://gantry-demo-data/distracted-driving-detection/dark/c6/dark_img_63863.jpg,2
69.8903105,-3.056105,15,42,s3://gantry-demo-data/distracted-driving-detection/dark/c6/dark_img_67849.jpg,1
65.028573,-35.371471,58,54,s3://gantry-demo-data/distracted-driving-detection/dark/c6/dark_img_72029.jpg,1
-72.8564095,4.837237,46,67,s3://gantry-demo-data/distracted-driving-detection/dark/c6/dark_img_75714.jpg,2
-22.270019,100.452348,49,60,s3://gantry-demo-data/distracted-driving-detection/dark/c6/dark_img_80036.jpg,0
-27.703872,-94.137912,10,58,s3://gantry-demo-data/distracted-driving-detection/dark/c6/dark_img_8356.jpg,0
31.478893,154.568493,69,47,s3://gantry-demo-data/distracted-driving-detection/dark/c6/dark_img_87902.jpg,1
12.66214,-159.815259,8,59,s3://gantry-demo-data/distracted-driving-detection/dark/c6/dark_img_91497.jpg,1
-10.694529,-117.544938,42,64,s3://gantry-demo-data/distracted-driving-detection/dark/c6/dark_img_94835.jpg,0
-12.4966605,-149.210898,34,73,s3://gantry-demo-data/distracted-driving-detection/dark/c6/dark_img_99173.jpg,0
30.0857935,107.271597,5,63,s3://gantry-demo-data/distracted-driving-detection/dark/c7/dark_img_100057.jpg,1
-33.8486395,10.63335,8,65,s3://gantry-demo-data/distracted-driving-detection/dark/c7/dark_img_12163.jpg,0
-17.031076,131.11435,66,76,s3://gantry-demo-data/distracted-driving-detection/dark/c7/dark_img_17592.jpg,0
12.774122,0.742594,29,75,s3://gantry-demo-data/distracted-driving-detection/dark/c7/dark_img_21784.jpg,2
-4.9800035,-161.52253,33,40,s3://gantry-demo-data/distracted-driving-detection/dark/c7/dark_img_26294.jpg,1
-85.9642615,-67.038515,68,48,s3://gantry-demo-data/distracted-driving-detection/dark/c7/dark_img_30566.jpg,0
-85.781433,-137.192019,14,57,s3://gantry-demo-data/distracted-driving-detection/dark/c7/dark_img_34820.jpg,0
58.815005,-118.282934,10,40,s3://gantry-demo-data/distracted-driving-detection/dark/c7/dark_img_39979.jpg,2
37.4447985,-54.142884,29,66,s3://gantry-demo-data/distracted-driving-detection/dark/c7/dark_img_45116.jpg,0
86.3003305,-133.05946,29,70,s3://gantry-demo-data/distracted-driving-detection/dark/c7/dark_img_49475.jpg,2
3.5513895,-2.250222,28,61,s3://gantry-demo-data/distracted-driving-detection/dark/c7/dark_img_54453.jpg,2
-45.183223,-126.992053,74,44,s3://gantry-demo-data/distracted-driving-detection/dark/c7/dark_img_59170.jpg,2
-9.504905,43.922484,41,74,s3://gantry-demo-data/distracted-driving-detection/dark/c7/dark_img_63809.jpg,2
-80.902983,-114.252711,11,50,s3://gantry-demo-data/distracted-driving-detection/dark/c7/dark_img_68781.jpg,2
89.2699135,-142.068512,44,71,s3://gantry-demo-data/distracted-driving-detection/dark/c7/dark_img_73032.jpg,1
29.861037,79.674173,71,56,s3://gantry-demo-data/distracted-driving-detection/dark/c7/dark_img_77160.jpg,1
69.315689,-64.902782,43,41,s3://gantry-demo-data/distracted-driving-detection/dark/c7/dark_img_81881.jpg,2
-28.9076335,-166.191681,66,79,s3://gantry-demo-data/distracted-driving-detection/dark/c7/dark_img_86119.jpg,1
31.7519025,58.111587,60,40,s3://gantry-demo-data/distracted-driving-detection/dark/c7/dark_img_90211.jpg,2
14.0379835,-106.450804,31,48,s3://gantry-demo-data/distracted-driving-detection/dark/c7/dark_img_95172.jpg,2
-12.5180015,-164.440645,23,70,s3://gantry-demo-data/distracted-driving-detection/dark/c7/dark_img_99976.jpg,1
73.357962,17.366157,49,64,s3://gantry-demo-data/distracted-driving-detection/dark/c8/dark_img_100015.jpg,1
-30.962881,-2.709349,25,44,s3://gantry-demo-data/distracted-driving-detection/dark/c8/dark_img_12704.jpg,2
-59.8354865,163.560261,36,43,s3://gantry-demo-data/distracted-driving-detection/dark/c8/dark_img_18354.jpg,0
45.396516,-168.312515,39,46,s3://gantry-demo-data/distracted-driving-detection/dark/c8/dark_img_23011.jpg,2
50.317316,-124.337736,49,67,s3://gantry-demo-data/distracted-driving-detection/dark/c8/dark_img_27991.jpg,1
-16.541933,174.455315,12,73,s3://gantry-demo-data/distracted-driving-detection/dark/c8/dark_img_32711.jpg,1
-44.426271,-43.052656,42,76,s3://gantry-demo-data/distracted-driving-detection/dark/c8/dark_img_38041.jpg,0
-43.8089535,109.1879,56,68,s3://gantry-demo-data/distracted-driving-detection/dark/c8/dark_img_43052.jpg,1
72.916073,-88.536122,60,72,s3://gantry-demo-data/distracted-driving-detection/dark/c8/dark_img_47928.jpg,0
22.5032665,155.495481,52,61,s3://gantry-demo-data/distracted-driving-detection/dark/c8/dark_img_51981.jpg,1
58.91304,-111.079917,67,54,s3://gantry-demo-data/distracted-driving-detection/dark/c8/dark_img_56543.jpg,1
87.553451,50.47694,1,75,s3://gantry-demo-data/distracted-driving-detection/dark/c8/dark_img_61896.jpg,2
50.3970735,179.25456,5,60,s3://gantry-demo-data/distracted-driving-detection/dark/c8/dark_img_67067.jpg,0
31.4349585,-64.023058,59,49,s3://gantry-demo-data/distracted-driving-detection/dark/c8/dark_img_71576.jpg,1
-0.8971975,-118.76461,71,77,s3://gantry-demo-data/distracted-driving-detection/dark/c8/dark_img_75915.jpg,1
-88.0204535,8.971594,63,72,s3://gantry-demo-data/distracted-driving-detection/dark/c8/dark_img_80725.jpg,1
84.353419,-71.535853,74,58,s3://gantry-demo-data/distracted-driving-detection/dark/c8/dark_img_85742.jpg,1
32.276392,-142.813299,5,72,s3://gantry-demo-data/distracted-driving-detection/dark/c8/dark_img_89668.jpg,2
4.918554,166.385912,59,57,s3://gantry-demo-data/distracted-driving-detection/dark/c8/dark_img_94576.jpg,2
-68.4010145,65.966625,9,41,s3://gantry-demo-data/distracted-driving-detection/dark/c8/dark_img_99596.jpg,2
-85.526779,-168.91444,53,73,s3://gantry-demo-data/distracted-driving-detection/dark/c9/dark_img_100090.jpg,2
17.1645585,-81.260454,72,48,s3://gantry-demo-data/distracted-driving-detection/dark/c9/dark_img_13396.jpg,1
59.8362715,108.915528,55,52,s3://gantry-demo-data/distracted-driving-detection/dark/c9/dark_img_17633.jpg,0
37.591956,1.519293,24,55,s3://gantry-demo-data/distracted-driving-detection/dark/c9/dark_img_21897.jpg,1
55.7695555,-40.399638,61,54,s3://gantry-demo-data/distracted-driving-detection/dark/c9/dark_img_25818.jpg,1
-62.329418,168.197293,57,68,s3://gantry-demo-data/distracted-driving-detection/dark/c9/dark_img_30328.jpg,2
14.063884,166.325048,41,71,s3://gantry-demo-data/distracted-driving-detection/dark/c9/dark_img_34635.jpg,1
42.8341945,3.723117,75,69,s3://gantry-demo-data/distracted-driving-detection/dark/c9/dark_img_38742.jpg,0
70.3717585,-114.903888,15,54,s3://gantry-demo-data/distracted-driving-detection/dark/c9/dark_img_43100.jpg,1
-31.079138,-106.95937,27,68,s3://gantry-demo-data/distracted-driving-detection/dark/c9/dark_img_47121.jpg,1
11.2319345,57.181812,60,42,s3://gantry-demo-data/distracted-driving-detection/dark/c9/dark_img_51145.jpg,2
34.3362385,-33.616837,28,52,s3://gantry-demo-data/distracted-driving-detection/dark/c9/dark_img_55377.jpg,2
-11.571817,62.076937,59,72,s3://gantry-demo-data/distracted-driving-detection/dark/c9/dark_img_599.jpg,1
-51.6007995,29.140144,68,79,s3://gantry-demo-data/distracted-driving-detection/dark/c9/dark_img_63984.jpg,0
25.3491065,86.819308,34,66,s3://gantry-demo-data/distracted-driving-detection/dark/c9/dark_img_68344.jpg,0
-32.7749615,70.231807,1,52,s3://gantry-demo-data/distracted-driving-detection/dark/c9/dark_img_7254.jpg,2
72.602224,157.982171,41,63,s3://gantry-demo-data/distracted-driving-detection/dark/c9/dark_img_74535.jpg,1
-75.766608,0.773206,67,51,s3://gantry-demo-data/distracted-driving-detection/dark/c9/dark_img_77127.jpg,2
-61.2845055,-23.629998,75,41,s3://gantry-demo-data/distracted-driving-detection/dark/c9/dark_img_81693.jpg,1
-53.9981365,28.648558,73,40,s3://gantry-demo-data/distracted-driving-detection/dark/c9/dark_img_8564.jpg,1
-45.8065555,-126.505586,74,54,s3://gantry-demo-data/distracted-driving-detection/dark/c9/dark_img_89489.jpg,1
-59.1959785,99.077294,61,64,s3://gantry-demo-data/distracted-driving-detection/dark/c9/dark_img_93787.jpg,1
19.732526,-23.302813,47,66,s3://gantry-demo-data/distracted-driving-detection/dark/c9/dark_img_98618.jpg,2
-10.726679,96.252137,62,77,s3://gantry-demo-data/distracted-driving-detection/light/c0/img_100026.jpg,8
24.109078,-111.000472,41,52,s3://gantry-demo-data/distracted-driving-detection/light/c0/img_12237.jpg,7
21.4815175,158.36665,29,54,s3://gantry-demo-data/distracted-driving-detection/light/c0/img_13675.jpg,9
-60.7947245,-159.779282,63,50,s3://gantry-demo-data/distracted-driving-detection/light/c0/img_15822.jpg,9
36.7007775,-113.040879,53,75,s3://gantry-demo-data/distracted-driving-detection/light/c0/img_18523.jpg,7
-70.3266415,48.989346,45,78,s3://gantry-demo-data/distracted-driving-detection/light/c0/img_19429.jpg,9
10.1615975,-37.430887,28,52,s3://gantry-demo-data/distracted-driving-detection/light/c0/img_23580.jpg,7
11.675952,60.836767,52,79,s3://gantry-demo-data/distracted-driving-detection/light/c0/img_24234.jpg,8
-14.3064005,147.753408,42,48,s3://gantry-demo-data/distracted-driving-detection/light/c0/img_27618.jpg,8
-46.563968,-104.325974,15,68,s3://gantry-demo-data/distracted-driving-detection/light/c0/img_30245.jpg,9
70.6520995,36.95097,35,67,s3://gantry-demo-data/distracted-driving-detection/light/c0/img_31613.jpg,7
-53.2852955,-179.239347,64,62,s3://gantry-demo-data/distracted-driving-detection/light/c0/img_35189.jpg,7
-6.436706,-96.828686,10,60,s3://gantry-demo-data/distracted-driving-detection/light/c0/img_35364.jpg,7
-20.9733985,-2.31791,58,68,s3://gantry-demo-data/distracted-driving-detection/light/c0/img_38502.jpg,7
-50.6644955,153.886883,52,71,s3://gantry-demo-data/distracted-driving-detection/light/c0/img_40328.jpg,8
81.5585795,-159.652224,74,67,s3://gantry-demo-data/distracted-driving-detection/light/c0/img_41911.jpg,9
-12.9572815,-9.008126,62,68,s3://gantry-demo-data/distracted-driving-detection/light/c0/img_45572.jpg,7
32.817697,-143.189451,26,57,s3://gantry-demo-data/distracted-driving-detection/light/c0/img_45609.jpg,9
28.423568,128.763558,77,65,s3://gantry-demo-data/distracted-driving-detection/light/c0/img_49589.jpg,9
58.6213225,-139.61642,36,63,s3://gantry-demo-data/distracted-driving-detection/light/c0/img_51078.jpg,8
45.0773115,31.882596,78,79,s3://gantry-demo-data/distracted-driving-detection/light/c0/img_53191.jpg,8
26.876959,-27.236231,3,51,s3://gantry-demo-data/distracted-driving-detection/light/c0/img_56056.jpg,7
-20.9365845,96.476888,30,63,s3://gantry-demo-data/distracted-driving-detection/light/c0/img_56741.jpg,9
-88.1803275,74.079982,79,47,s3://gantry-demo-data/distracted-driving-detection/light/c0/img_60063.jpg,9
-85.139717,-93.400437,11,63,s3://gantry-demo-data/distracted-driving-detection/light/c0/img_609.jpg,9
-3.4992155,107.224978,8,60,s3://gantry-demo-data/distracted-driving-detection/light/c0/img_64106.jpg,9
-22.2521805,-155.144392,52,68,s3://gantry-demo-data/distracted-driving-detection/light/c0/img_66541.jpg,8
52.391579,120.926033,44,63,s3://gantry-demo-data/distracted-driving-detection/light/c0/img_67875.jpg,8
-14.8396775,35.959146,31,76,s3://gantry-demo-data/distracted-driving-detection/light/c0/img_71304.jpg,8
77.4104575,-107.796147,28,63,s3://gantry-demo-data/distracted-driving-detection/light/c0/img_71418.jpg,8
-81.222946,39.568683,29,64,s3://gantry-demo-data/distracted-driving-detection/light/c0/img_75107.jpg,9
54.1850705,-65.566338,55,64,s3://gantry-demo-data/distracted-driving-detection/light/c0/img_76559.jpg,7
-66.34215,140.031192,41,68,s3://gantry-demo-data/distracted-driving-detection/light/c0/img_78948.jpg,8
53.090863,-147.869387,30,75,s3://gantry-demo-data/distracted-driving-detection/light/c0/img_81943.jpg,8
72.986546,85.421803,46,58,s3://gantry-demo-data/distracted-driving-detection/light/c0/img_82122.jpg,8
-89.9708145,142.956932,63,69,s3://gantry-demo-data/distracted-driving-detection/light/c0/img_86323.jpg,9
64.257324,-26.749816,64,46,s3://gantry-demo-data/distracted-driving-detection/light/c0/img_87609.jpg,9
-76.8435855,-164.216916,20,65,s3://gantry-demo-data/distracted-driving-detection/light/c0/img_9007.jpg,8
74.329514,57.671275,9,41,s3://gantry-demo-data/distracted-driving-detection/light/c0/img_9286.jpg,7
44.40437,-89.269737,70,49,s3://gantry-demo-data/distracted-driving-detection/light/c0/img_94048.jpg,7
-60.519846,23.756992,11,43,s3://gantry-demo-data/distracted-driving-detection/light/c0/img_97525.jpg,9
-28.959024,140.4524,61,51,s3://gantry-demo-data/distracted-driving-detection/light/c0/img_97783.jpg,8
-69.41059,178.855252,25,42,s3://gantry-demo-data/distracted-driving-detection/light/c1/img_100021.jpg,8
-26.580747,-176.631295,58,55,s3://gantry-demo-data/distracted-driving-detection/light/c1/img_12144.jpg,8
-33.515817,-65.754733,3,40,s3://gantry-demo-data/distracted-driving-detection/light/c1/img_16382.jpg,9
-2.479966,168.776414,78,70,s3://gantry-demo-data/distracted-driving-detection/light/c1/img_20561.jpg,8
-81.272489,32.304155,75,49,s3://gantry-demo-data/distracted-driving-detection/light/c1/img_24921.jpg,7
-29.6630435,-31.692431,20,67,s3://gantry-demo-data/distracted-driving-detection/light/c1/img_29105.jpg,9
-38.769745,-177.230807,65,79,s3://gantry-demo-data/distracted-driving-detection/light/c1/img_32843.jpg,9
-75.1807455,53.74606,67,76,s3://gantry-demo-data/distracted-driving-detection/light/c1/img_37031.jpg,9
-28.5851915,-45.395483,71,75,s3://gantry-demo-data/distracted-driving-detection/light/c1/img_41670.jpg,7
6.6147575,-143.899749,40,52,s3://gantry-demo-data/distracted-driving-detection/light/c1/img_45664.jpg,7
75.1104195,170.715532,12,75,s3://gantry-demo-data/distracted-driving-detection/light/c1/img_50283.jpg,7
30.7789465,-122.208397,64,62,s3://gantry-demo-data/distracted-driving-detection/light/c1/img_54160.jpg,8
29.5552095,-16.427819,34,60,s3://gantry-demo-data/distracted-driving-detection/light/c1/img_5877.jpg,9
49.3262825,-160.405769,51,62,s3://gantry-demo-data/distracted-driving-detection/light/c1/img_62585.jpg,7
0.759158,-160.940115,59,58,s3://gantry-demo-data/distracted-driving-detection/light/c1/img_6570.jpg,9
32.366923,115.300383,25,67,s3://gantry-demo-data/distracted-driving-detection/light/c1/img_69845.jpg,7
57.3172915,-168.757312,17,56,s3://gantry-demo-data/distracted-driving-detection/light/c1/img_73840.jpg,8
-72.934719,135.523322,30,72,s3://gantry-demo-data/distracted-driving-detection/light/c1/img_77903.jpg,7
-49.4907205,84.081131,45,41,s3://gantry-demo-data/distracted-driving-detection/light/c1/img_822.jpg,9
-69.008202,-131.339492,23,72,s3://gantry-demo-data/distracted-driving-detection/light/c1/img_85914.jpg,8
-86.5655875,46.873714,28,40,s3://gantry-demo-data/distracted-driving-detection/light/c1/img_89835.jpg,7
-58.6772065,69.580342,31,63,s3://gantry-demo-data/distracted-driving-detection/light/c1/img_94361.jpg,7
72.5999495,81.682131,69,76,s3://gantry-demo-data/distracted-driving-detection/light/c1/img_98163.jpg,8
-31.2605855,-167.170155,3,57,s3://gantry-demo-data/distracted-driving-detection/light/c2/img_100029.jpg,7
73.849419,-74.266745,37,73,s3://gantry-demo-data/distracted-driving-detection/light/c2/img_12643.jpg,7
-0.174754,144.541108,22,72,s3://gantry-demo-data/distracted-driving-detection/light/c2/img_16219.jpg,8
2.5595665,178.049405,73,72,s3://gantry-demo-data/distracted-driving-detection/light/c2/img_20118.jpg,9
79.9496125,-172.63373,4,42,s3://gantry-demo-data/distracted-driving-detection/light/c2/img_23891.jpg,7
-20.606957,71.679052,13,55,s3://gantry-demo-data/distracted-driving-detection/light/c2/img_28012.jpg,7
-53.163241,170.519069,57,47,s3://gantry-demo-data/distracted-driving-detection/light/c2/img_31740.jpg,8
-77.538983,-145.096666,16,73,s3://gantry-demo-data/distracted-driving-detection/light/c2/img_35392.jpg,9
-45.825808,-172.790726,14,78,s3://gantry-demo-data/distracted-driving-detection/light/c2/img_38738.jpg,8
-40.525968,-66.320668,4,74,s3://gantry-demo-data/distracted-driving-detection/light/c2/img_42917.jpg,9
-81.1229345,-174.175116,70,41,s3://gantry-demo-data/distracted-driving-detection/light/c2/img_46875.jpg,8
-81.8220325,-68.231888,72,43,s3://gantry-demo-data/distracted-driving-detection/light/c2/img_50667.jpg,7
33.321371,168.111977,73,41,s3://gantry-demo-data/distracted-driving-detection/light/c2/img_54408.jpg,7
-81.315511,27.494376,76,43,s3://gantry-demo-data/distracted-driving-detection/light/c2/img_58615.jpg,7
65.83528,179.805373,56,47,s3://gantry-demo-data/distracted-driving-detection/light/c2/img_62041.jpg,7
-27.713304,114.819,41,78,s3://gantry-demo-data/distracted-driving-detection/light/c2/img_66670.jpg,8
-38.364358,-178.587166,36,68,s3://gantry-demo-data/distracted-driving-detection/light/c2/img_70256.jpg,8
-29.203472,-105.601269,62,54,s3://gantry-demo-data/distracted-driving-detection/light/c2/img_74571.jpg,8
-9.962517,-78.908034,40,69,s3://gantry-demo-data/distracted-driving-detection/light/c2/img_79065.jpg,7
83.556828,125.791989,39,64,s3://gantry-demo-data/distracted-driving-detection/light/c2/img_83273.jpg,8
59.649988,71.845187,54,52,s3://gantry-demo-data/distracted-driving-detection/light/c2/img_87297.jpg,7
-38.534081,-73.219223,26,43,s3://gantry-demo-data/distracted-driving-detection/light/c2/img_91592.jpg,8
-20.3429895,-57.649022,57,67,s3://gantry-demo-data/distracted-driving-detection/light/c2/img_95367.jpg,9
-68.935694,-57.474469,73,71,s3://gantry-demo-data/distracted-driving-detection/light/c3/img_100006.jpg,8
60.36338,28.253032,19,50,s3://gantry-demo-data/distracted-driving-detection/light/c3/img_11813.jpg,9
40.869075,-135.185787,36,44,s3://gantry-demo-data/distracted-driving-detection/light/c3/img_15230.jpg,7
-31.862864,-86.135114,28,40,s3://gantry-demo-data/distracted-driving-detection/light/c3/img_1921.jpg,7
79.5285515,38.372859,52,66,s3://gantry-demo-data/distracted-driving-detection/light/c3/img_2311.jpg,8
47.9458735,114.435931,52,66,s3://gantry-demo-data/distracted-driving-detection/light/c3/img_27020.jpg,9
-14.0802355,-15.782688,13,72,s3://gantry-demo-data/distracted-driving-detection/light/c3/img_31027.jpg,7
21.5399295,-154.308276,17,70,s3://gantry-demo-data/distracted-driving-detection/light/c3/img_35106.jpg,8
-30.8222895,-121.906209,46,52,s3://gantry-demo-data/distracted-driving-detection/light/c3/img_39005.jpg,8
-13.5225025,170.711669,70,69,s3://gantry-demo-data/distracted-driving-detection/light/c3/img_42146.jpg,8
-46.3381145,-6.665887,68,49,s3://gantry-demo-data/distracted-driving-detection/light/c3/img_45848.jpg,8
20.7174045,-20.936569,30,62,s3://gantry-demo-data/distracted-driving-detection/light/c3/img_5.jpg,9
-27.8302575,-41.786164,62,64,s3://gantry-demo-data/distracted-driving-detection/light/c3/img_5437.jpg,7
-5.569394,2.275909,51,63,s3://gantry-demo-data/distracted-driving-detection/light/c3/img_58349.jpg,9
21.5174505,-48.436459,48,71,s3://gantry-demo-data/distracted-driving-detection/light/c3/img_62291.jpg,8
-3.510999,-94.926895,68,56,s3://gantry-demo-data/distracted-driving-detection/light/c3/img_66404.jpg,8
-32.638732,-162.386782,73,72,s3://gantry-demo-data/distracted-driving-detection/light/c3/img_70456.jpg,8
-61.893575,-175.783352,18,76,s3://gantry-demo-data/distracted-driving-detection/light/c3/img_73807.jpg,7
-46.828875,24.931966,63,71,s3://gantry-demo-data/distracted-driving-detection/light/c3/img_78068.jpg,7
82.293429,-159.681935,27,66,s3://gantry-demo-data/distracted-driving-detection/light/c3/img_8276.jpg,8
17.8518525,-91.303344,75,43,s3://gantry-demo-data/distracted-driving-detection/light/c3/img_8685.jpg,9
28.183567,69.793965,11,52,s3://gantry-demo-data/distracted-driving-detection/light/c3/img_91094.jpg,8
-27.806651,-70.254167,76,45,s3://gantry-demo-data/distracted-driving-detection/light/c3/img_95248.jpg,9
-7.1055415,46.221425,45,44,s3://gantry-demo-data/distracted-driving-detection/light/c3/img_98946.jpg,7
-77.421749,129.501064,33,65,s3://gantry-demo-data/distracted-driving-detection/light/c4/img_100225.jpg,7
88.2319565,17.437323,23,58,s3://gantry-demo-data/distracted-driving-detection/light/c4/img_12729.jpg,8
59.549852,-60.737029,61,46,s3://gantry-demo-data/distracted-driving-detection/light/c4/img_17174.jpg,7
28.685428,75.189506,52,47,s3://gantry-demo-data/distracted-driving-detection/light/c4/img_2098.jpg,9
39.7267945,-58.420409,8,64,s3://gantry-demo-data/distracted-driving-detection/light/c4/img_25492.jpg,9
-65.483254,1.407659,67,71,s3://gantry-demo-data/distracted-driving-detection/light/c4/img_29101.jpg,8
68.7963925,118.601889,57,52,s3://gantry-demo-data/distracted-driving-detection/light/c4/img_32355.jpg,8
-43.0094715,130.738105,62,72,s3://gantry-demo-data/distracted-driving-detection/light/c4/img_36036.jpg,9
-26.3789775,-165.880562,46,54,s3://gantry-demo-data/distracted-driving-detection/light/c4/img_40043.jpg,9
12.381078,73.311054,31,53,s3://gantry-demo-data/distracted-driving-detection/light/c4/img_4363.jpg,8
-5.314138,74.059291,50,53,s3://gantry-demo-data/distracted-driving-detection/light/c4/img_47902.jpg,7
79.786942,96.620778,35,41,s3://gantry-demo-data/distracted-driving-detection/light/c4/img_51931.jpg,9
-86.282876,-147.664808,45,63,s3://gantry-demo-data/distracted-driving-detection/light/c4/img_56024.jpg,9
85.5811495,-139.158147,20,75,s3://gantry-demo-data/distracted-driving-detection/light/c4/img_59706.jpg,8
31.7961415,104.181994,51,54,s3://gantry-demo-data/distracted-driving-detection/light/c4/img_63482.jpg,8
-2.8765325,-89.600386,8,73,s3://gantry-demo-data/distracted-driving-detection/light/c4/img_68118.jpg,9
36.300808,17.017051,19,79,s3://gantry-demo-data/distracted-driving-detection/light/c4/img_71922.jpg,9
58.871309,73.340974,40,49,s3://gantry-demo-data/distracted-driving-detection/light/c4/img_75896.jpg,9
-56.4083875,-2.777966,12,65,s3://gantry-demo-data/distracted-driving-detection/light/c4/img_79567.jpg,7
-7.6373875,26.031469,68,64,s3://gantry-demo-data/distracted-driving-detection/light/c4/img_83850.jpg,8
8.068883,145.845902,13,71,s3://gantry-demo-data/distracted-driving-detection/light/c4/img_87911.jpg,8
3.8230955,-11.668772,31,53,s3://gantry-demo-data/distracted-driving-detection/light/c4/img_92484.jpg,9
-29.097925,-126.267025,76,40,s3://gantry-demo-data/distracted-driving-detection/light/c4/img_96014.jpg,8
-31.2858145,-157.389577,24,69,s3://gantry-demo-data/distracted-driving-detection/light/c4/img_99931.jpg,9
38.807828,-136.41158,31,51,s3://gantry-demo-data/distracted-driving-detection/light/c5/img_10000.jpg,7
-84.67852,77.388126,29,72,s3://gantry-demo-data/distracted-driving-detection/light/c5/img_12150.jpg,8
44.5946405,52.700653,26,67,s3://gantry-demo-data/distracted-driving-detection/light/c5/img_15967.jpg,9
16.254297,147.266009,2,72,s3://gantry-demo-data/distracted-driving-detection/light/c5/img_20291.jpg,8
-45.0654765,58.160748,46,53,s3://gantry-demo-data/distracted-driving-detection/light/c5/img_24022.jpg,7
84.9670125,27.411257,19,49,s3://gantry-demo-data/distracted-driving-detection/light/c5/img_27923.jpg,7
6.928929,-170.208485,59,47,s3://gantry-demo-data/distracted-driving-detection/light/c5/img_32664.jpg,7
-89.5639365,-48.713526,9,73,s3://gantry-demo-data/distracted-driving-detection/light/c5/img_35979.jpg,9
21.323012,40.216987,4,63,s3://gantry-demo-data/distracted-driving-detection/light/c5/img_39972.jpg,7
-19.328386,68.279504,52,68,s3://gantry-demo-data/distracted-driving-detection/light/c5/img_43900.jpg,9
-2.3646315,21.086843,35,60,s3://gantry-demo-data/distracted-driving-detection/light/c5/img_47849.jpg,8
-75.3978835,-101.598214,79,57,s3://gantry-demo-data/distracted-driving-detection/light/c5/img_52002.jpg,8
-34.776542,16.32819,2,60,s3://gantry-demo-data/distracted-driving-detection/light/c5/img_55881.jpg,8
-3.5638685,163.548378,49,73,s3://gantry-demo-data/distracted-driving-detection/light/c5/img_5969.jpg,8
72.923382,-135.165123,40,69,s3://gantry-demo-data/distracted-driving-detection/light/c5/img_64503.jpg,7
-25.4589745,-98.167185,71,48,s3://gantry-demo-data/distracted-driving-detection/light/c5/img_67798.jpg,9
-11.0729625,-172.492114,25,50,s3://gantry-demo-data/distracted-driving-detection/light/c5/img_72058.jpg,8
-57.7587495,-53.216111,71,64,s3://gantry-demo-data/distracted-driving-detection/light/c5/img_75882.jpg,9
48.0624795,-63.337901,41,58,s3://gantry-demo-data/distracted-driving-detection/light/c5/img_80175.jpg,7
69.523638,-16.480503,45,43,s3://gantry-demo-data/distracted-driving-detection/light/c5/img_84464.jpg,9
-24.6145075,1.79768,51,46,s3://gantry-demo-data/distracted-driving-detection/light/c5/img_88607.jpg,9
-61.502186,78.19512,0,66,s3://gantry-demo-data/distracted-driving-detection/light/c5/img_9204.jpg,8
-50.500624,-26.151732,5,56,s3://gantry-demo-data/distracted-driving-detection/light/c5/img_96629.jpg,8
9.908469,-23.944041,14,70,s3://gantry-demo-data/distracted-driving-detection/light/c6/img_0.jpg,8
-89.4997275,-168.339318,30,60,s3://gantry-demo-data/distracted-driving-detection/light/c6/img_11409.jpg,8
38.5039,-128.926737,19,46,s3://gantry-demo-data/distracted-driving-detection/light/c6/img_15278.jpg,8
-77.2742525,175.725693,20,78,s3://gantry-demo-data/distracted-driving-detection/light/c6/img_19675.jpg,9
62.207642,-30.529621,12,46,s3://gantry-demo-data/distracted-driving-detection/light/c6/img_2339.jpg,8
26.8816365,16.327407,70,76,s3://gantry-demo-data/distracted-driving-detection/light/c6/img_26934.jpg,8
31.634363,-11.224475,51,62,s3://gantry-demo-data/distracted-driving-detection/light/c6/img_30481.jpg,9
-38.351989,-108.006787,39,43,s3://gantry-demo-data/distracted-driving-detection/light/c6/img_35150.jpg,7
30.4507215,150.415866,32,56,s3://gantry-demo-data/distracted-driving-detection/light/c6/img_39655.jpg,9
27.0320015,-11.88909,48,63,s3://gantry-demo-data/distracted-driving-detection/light/c6/img_43354.jpg,9
7.1316255,57.502407,2,55,s3://gantry-demo-data/distracted-driving-detection/light/c6/img_47782.jpg,7
-89.4400765,-132.570888,6,58,s3://gantry-demo-data/distracted-driving-detection/light/c6/img_51419.jpg,8
-67.228085,81.568042,71,58,s3://gantry-demo-data/distracted-driving-detection/light/c6/img_55783.jpg,8
-17.2135575,-135.633869,7,72,s3://gantry-demo-data/distracted-driving-detection/light/c6/img_60237.jpg,7
55.092231,-108.303848,38,46,s3://gantry-demo-data/distracted-driving-detection/light/c6/img_6448.jpg,8
49.0173015,121.983626,61,78,s3://gantry-demo-data/distracted-driving-detection/light/c6/img_68294.jpg,9
72.731444,-122.890965,19,51,s3://gantry-demo-data/distracted-driving-detection/light/c6/img_72593.jpg,8
30.305576,-169.600058,13,59,s3://gantry-demo-data/distracted-driving-detection/light/c6/img_76293.jpg,7
-71.1445245,-167.014483,31,78,s3://gantry-demo-data/distracted-driving-detection/light/c6/img_80478.jpg,9
35.9014925,-42.154851,28,78,s3://gantry-demo-data/distracted-driving-detection/light/c6/img_84645.jpg,7
40.8514795,-140.666878,62,43,s3://gantry-demo-data/distracted-driving-detection/light/c6/img_88432.jpg,9
31.023071,147.512697,26,76,s3://gantry-demo-data/distracted-driving-detection/light/c6/img_92015.jpg,7
34.166,-74.238138,54,76,s3://gantry-demo-data/distracted-driving-detection/light/c6/img_95899.jpg,8
26.5589105,127.017688,58,45,s3://gantry-demo-data/distracted-driving-detection/light/c6/img_9998.jpg,7
34.71217,-122.14069,78,58,s3://gantry-demo-data/distracted-driving-detection/light/c7/img_100057.jpg,8
25.341261,152.252684,47,65,s3://gantry-demo-data/distracted-driving-detection/light/c7/img_12164.jpg,7
26.6759535,161.500061,67,72,s3://gantry-demo-data/distracted-driving-detection/light/c7/img_17746.jpg,8
-85.843864,-26.938531,50,75,s3://gantry-demo-data/distracted-driving-detection/light/c7/img_21899.jpg,7
-20.378101,115.628674,18,75,s3://gantry-demo-data/distracted-driving-detection/light/c7/img_26517.jpg,9
-10.5640805,151.880573,77,41,s3://gantry-demo-data/distracted-driving-detection/light/c7/img_30674.jpg,7
-33.9790335,-72.120308,35,60,s3://gantry-demo-data/distracted-driving-detection/light/c7/img_35261.jpg,7
-36.46777,-87.278114,24,57,s3://gantry-demo-data/distracted-driving-detection/light/c7/img_40399.jpg,7
24.038981,-152.37637,8,44,s3://gantry-demo-data/distracted-driving-detection/light/c7/img_45396.jpg,7
34.7665235,-148.594369,45,40,s3://gantry-demo-data/distracted-driving-detection/light/c7/img_49998.jpg,7
80.332263,-121.487891,4,70,s3://gantry-demo-data/distracted-driving-detection/light/c7/img_55155.jpg,7
-50.6761845,107.274318,29,60,s3://gantry-demo-data/distracted-driving-detection/light/c7/img_59647.jpg,8
53.702554,164.518682,63,42,s3://gantry-demo-data/distracted-driving-detection/light/c7/img_64492.jpg,8
-76.073211,40.672055,15,44,s3://gantry-demo-data/distracted-driving-detection/light/c7/img_69521.jpg,7
-7.1787795,145.471489,5,79,s3://gantry-demo-data/distracted-driving-detection/light/c7/img_73591.jpg,9
-35.749521,121.571145,77,55,s3://gantry-demo-data/distracted-driving-detection/light/c7/img_7776.jpg,7
79.9769505,101.23105,5,74,s3://gantry-demo-data/distracted-driving-detection/light/c7/img_82691.jpg,8
-64.9223655,-18.005472,48,61,s3://gantry-demo-data/distracted-driving-detection/light/c7/img_86977.jpg,9
-67.632687,5.007837,72,74,s3://gantry-demo-data/distracted-driving-detection/light/c7/img_90776.jpg,8
-33.6929695,151.040191,17,56,s3://gantry-demo-data/distracted-driving-detection/light/c7/img_9616.jpg,9
79.350535,-155.340883,57,62,s3://gantry-demo-data/distracted-driving-detection/light/c8/img_100015.jpg,8
53.814879,-99.588555,51,63,s3://gantry-demo-data/distracted-driving-detection/light/c8/img_12731.jpg,7
-10.3903665,-11.910757,12,69,s3://gantry-demo-data/distracted-driving-detection/light/c8/img_1842.jpg,8
86.649197,156.857962,76,69,s3://gantry-demo-data/distracted-driving-detection/light/c8/img_23269.jpg,8
47.2091125,124.775453,68,56,s3://gantry-demo-data/distracted-driving-detection/light/c8/img_28079.jpg,7
-67.3946845,117.543754,49,62,s3://gantry-demo-data/distracted-driving-detection/light/c8/img_32976.jpg,8
-19.268592,-139.591062,39,55,s3://gantry-demo-data/distracted-driving-detection/light/c8/img_38350.jpg,8
34.817032,4.647201,34,55,s3://gantry-demo-data/distracted-driving-detection/light/c8/img_43411.jpg,9
38.537376,-0.557632,16,71,s3://gantry-demo-data/distracted-driving-detection/light/c8/img_48231.jpg,7
57.5693435,15.095941,34,43,s3://gantry-demo-data/distracted-driving-detection/light/c8/img_52162.jpg,8
49.9052895,-76.438769,72,77,s3://gantry-demo-data/distracted-driving-detection/light/c8/img_57014.jpg,8
-76.7962935,-69.583018,12,58,s3://gantry-demo-data/distracted-driving-detection/light/c8/img_62133.jpg,9
71.8867425,172.446985,33,76,s3://gantry-demo-data/distracted-driving-detection/light/c8/img_67458.jpg,7
-79.1100495,18.772361,12,44,s3://gantry-demo-data/distracted-driving-detection/light/c8/img_72208.jpg,8
22.6635325,-12.309112,63,76,s3://gantry-demo-data/distracted-driving-detection/light/c8/img_76573.jpg,8
-57.112488,111.077387,43,63,s3://gantry-demo-data/distracted-driving-detection/light/c8/img_81569.jpg,7
13.328943,-95.140615,43,52,s3://gantry-demo-data/distracted-driving-detection/light/c8/img_86214.jpg,8
-59.536527,176.760942,69,50,s3://gantry-demo-data/distracted-driving-detection/light/c8/img_90486.jpg,9
10.102376,-37.748475,14,79,s3://gantry-demo-data/distracted-driving-detection/light/c8/img_95436.jpg,7
-18.9562775,48.232245,43,75,s3://gantry-demo-data/distracted-driving-detection/light/c9/img_100090.jpg,9
39.62814,106.094401,11,44,s3://gantry-demo-data/distracted-driving-detection/light/c9/img_13398.jpg,9
-27.946927,3.700072,58,66,s3://gantry-demo-data/distracted-driving-detection/light/c9/img_17743.jpg,8
14.898179,-63.592273,40,59,s3://gantry-demo-data/distracted-driving-detection/light/c9/img_21954.jpg,8
18.8425625,26.786175,47,61,s3://gantry-demo-data/distracted-driving-detection/light/c9/img_25887.jpg,9
36.5788245,161.895863,44,76,s3://gantry-demo-data/distracted-driving-detection/light/c9/img_30559.jpg,7
-19.5247835,0.23286,20,58,s3://gantry-demo-data/distracted-driving-detection/light/c9/img_34933.jpg,9
-82.658396,-30.928934,56,60,s3://gantry-demo-data/distracted-driving-detection/light/c9/img_38963.jpg,9
84.567454,-76.331166,28,74,s3://gantry-demo-data/distracted-driving-detection/light/c9/img_43656.jpg,7
76.8786815,118.913813,43,40,s3://gantry-demo-data/distracted-driving-detection/light/c9/img_47403.jpg,8
-73.7253665,-116.939498,47,76,s3://gantry-demo-data/distracted-driving-detection/light/c9/img_5163.jpg,7
-4.0072,5.515676,42,42,s3://gantry-demo-data/distracted-driving-detection/light/c9/img_56129.jpg,7
41.335559,-9.275086,58,40,s3://gantry-demo-data/distracted-driving-detection/light/c9/img_60493.jpg,8
-8.3911895,161.994821,6,76,s3://gantry-demo-data/distracted-driving-detection/light/c9/img_64680.jpg,7
-46.402528,70.223645,46,74,s3://gantry-demo-data/distracted-driving-detection/light/c9/img_68871.jpg,9
48.3110185,147.080591,1,62,s3://gantry-demo-data/distracted-driving-detection/light/c9/img_73198.jpg,9
-84.21563,139.88531,37,61,s3://gantry-demo-data/distracted-driving-detection/light/c9/img_77820.jpg,8
16.4676745,84.729058,40,48,s3://gantry-demo-data/distracted-driving-detection/light/c9/img_82571.jpg,9
55.113746,45.49291,51,75,s3://gantry-demo-data/distracted-driving-detection/light/c9/img_86335.jpg,8
2.2367425,52.634401,26,68,s3://gantry-demo-data/distracted-driving-detection/light/c9/img_90487.jpg,8
21.205285,-23.500551,3,71,s3://gantry-demo-data/distracted-driving-detection/light/c9/img_95005.jpg,7
61.5239775,-169.825282,53,76,s3://gantry-demo-data/distracted-driving-detection/light/c9/img_99692.jpg,7
